﻿id,started_at,score_today_date,score_today_weather,score_current_location,score_date_7days_ago,score_yesterday_activity,score_total,topics,summaries_text
1756932115,1756932115.74822,1,0,0,0,1,2,"강변, 편지, 산책","[강변] 어릴 때 강변에서 친구들과 노는 것과 낚시를 즐겼으며, 산책 코스가 필요하다고 생각합니다. | [편지] 편지를 많이 쓰지 않지만, 생일에 받은 편지가 기억에 남습니다. | [산책] 한강변의 아름다운 야경을 보며 건강과 기분을 위해 산책을 자주 하려 합니다."
1756932115,1756932115.74822,1,0,0,0,1,2,"강변, 편지, 산책","[강변] 어릴 때 강변에서 친구들과 노는 것과 낚시를 즐겼으며, 산책 코스가 필요하다고 생각합니다. | [편지] 편지를 많이 쓰지 않지만, 생일에 받은 편지가 기억에 남습니다. | [산책] 한강변의 아름다운 야경을 보며 건강과 기분을 위해 산책을 자주 하려 합니다."
1756932115,1756932115.74822,1,0,0,0,1,2,"강변, 편지, 산책","[강변] 어릴 때 강변에서 친구들과 노는 것과 낚시를 즐겼으며, 산책 코스가 필요하다고 생각합니다. | [편지] 편지를 많이 쓰지 않지만, 생일에 받은 편지가 기억에 남습니다. | [산책] 한강변의 아름다운 야경을 보며 건강과 기분을 위해 산책을 자주 하려 합니다."
1756932115,1756932115.74822,1,0,0,0,1,2,"강변, 편지, 산책","[강변] 어릴 때 강변에서 친구들과 노는 것과 낚시를 즐겼으며, 산책 코스가 필요하다고 생각합니다. | [편지] 편지를 많이 쓰지 않지만, 생일에 받은 편지가 기억에 남습니다. | [산책] 한강변의 아름다운 야경을 보며 건강과 기분을 위해 산책을 자주 하려 합니다."
